{"id":3,"title":"A Lost Kid","cover_image":"a_lost_kid_cover.jpg","pages":[{"id":12,"top_text":"Dad is glad and hugs Nafisa.","bottom_text":"Nafisa is not lost.","image_url":"https://decodable-books.s3.eu-west-2.amazonaws.com/book_images/reach_for_the_stars/a_lost_kid/a_lost_kid_8.jpg"},{"id":4,"top_text":"Nafisa and Hen sit on a rock.","bottom_text":"Nafisa is lost and cannot get back. Is it Dad\u0027s hut?","image_url":"https://decodable-books.s3.eu-west-2.amazonaws.com/book_images/reach_for_the_stars/a_lost_kid/a_lost_kid_0.jpg"},{"id":9,"top_text":"Hen spots Amina! Amina gets up and runs.","bottom_text":"Can Amina help Nafisa and Hen get back?","image_url":"https://decodable-books.s3.eu-west-2.amazonaws.com/book_images/reach_for_the_stars/a_lost_kid/a_lost_kid_5.jpg"},{"id":10,"top_text":"Hen gets Amina a stick. Amina sits and drags it in dust.","bottom_text":"It is a map! Nafisa claps! Nafisa can get back!","image_url":"https://decodable-books.s3.eu-west-2.amazonaws.com/book_images/reach_for_the_stars/a_lost_kid/a_lost_kid_6.jpg"},{"id":8,"top_text":"Hen flaps up on top of a flag.","bottom_text":"It is red and black.","image_url":"https://decodable-books.s3.eu-west-2.amazonaws.com/book_images/reach_for_the_stars/a_lost_kid/a_lost_kid_4.jpg"},{"id":5,"top_text":"Hen can help Nafisa back!","bottom_text":"Hen hops off and rubs Nafisa\u0027s leg.","image_url":"https://decodable-books.s3.eu-west-2.amazonaws.com/book_images/reach_for_the_stars/a_lost_kid/a_lost_kid_1.jpg"},{"id":7,"top_text":"Nafisa and Hen skip a hop.","bottom_text":"Nafisa sprints and Hen flaps.","image_url":"https://decodable-books.s3.eu-west-2.amazonaws.com/book_images/reach_for_the_stars/a_lost_kid/a_lost_kid_3.jpg"},{"id":13,"top_text":"Nafisa and Amina hug.","bottom_text":"Nafisa is glad. Amina is glad. Hen is glad.","image_url":"https://decodable-books.s3.eu-west-2.amazonaws.com/book_images/reach_for_the_stars/a_lost_kid/a_lost_kid_9.jpg"},{"id":11,"top_text":"Nafisa and Amina and Hen skip back on track.","bottom_text":"It is Dad\u0027s hut!","image_url":"https://decodable-books.s3.eu-west-2.amazonaws.com/book_images/reach_for_the_stars/a_lost_kid/a_lost_kid_7.jpg"},{"id":6,"top_text":"Nafisa and Hen get up and set off.","bottom_text":"Hen is fast. Nafisa is not fast.","image_url":"https://decodable-books.s3.eu-west-2.amazonaws.com/book_images/reach_for_the_stars/a_lost_kid/a_lost_kid_2.jpg"}],"questions":[{"id":15,"text":"Who helps Nafisa to get back home?"},{"id":14,"text":"Why is Nafisa sad at the start of the story?"},{"id":17,"text":"How does Nafisa\u0027s dad feel when he sees that Nafisa is home?"},{"id":18,"text":"What do you think is going to happen after the story?"},{"id":16,"text":"What did Amina do in the story?"}],"words":[{"text":"nafisa","word_sounds":[{"sound_id":"n","display_string":"n"},{"sound_id":"a","display_string":"a"},{"sound_id":"f","display_string":"f"},{"sound_id":"i","display_string":"i"},{"sound_id":"s","display_string":"s"},{"sound_id":"a","display_string":"a"}]},{"text":"and","word_sounds":[{"sound_id":"a","display_string":"a"},{"sound_id":"n","display_string":"n"},{"sound_id":"d","display_string":"d"}]},{"text":"hen","word_sounds":[{"sound_id":"h","display_string":"h"},{"sound_id":"e","display_string":"e"},{"sound_id":"n","display_string":"n"}]},{"text":"sit","word_sounds":[{"sound_id":"s","display_string":"s"},{"sound_id":"i","display_string":"i"},{"sound_id":"t","display_string":"t"}]},{"text":"on","word_sounds":[{"sound_id":"o","display_string":"o"},{"sound_id":"n","display_string":"n"}]},{"text":"a","word_sounds":[{"sound_id":"a","display_string":"a"}]},{"text":"rock","word_sounds":[{"sound_id":"r","display_string":"r"},{"sound_id":"o","display_string":"o"},{"sound_id":"ck","display_string":"ck"}]},{"text":"nafisa","word_sounds":[{"sound_id":"n","display_string":"n"},{"sound_id":"a","display_string":"a"},{"sound_id":"f","display_string":"f"},{"sound_id":"i","display_string":"i"},{"sound_id":"s","display_string":"s"},{"sound_id":"a","display_string":"a"}]},{"text":"is","word_sounds":[{"sound_id":"i","display_string":"i"},{"sound_id":"s","display_string":"s"}]},{"text":"lost","word_sounds":[{"sound_id":"l","display_string":"l"},{"sound_id":"o","display_string":"o"},{"sound_id":"s","display_string":"s"},{"sound_id":"t","display_string":"t"}]},{"text":"and","word_sounds":[{"sound_id":"a","display_string":"a"},{"sound_id":"n","display_string":"n"},{"sound_id":"d","display_string":"d"}]},{"text":"cannot","word_sounds":[{"sound_id":"ck","display_string":"c"},{"sound_id":"a","display_string":"a"},{"sound_id":"n","display_string":"nn"},{"sound_id":"o","display_string":"o"},{"sound_id":"t","display_string":"t"}]},{"text":"get","word_sounds":[{"sound_id":"g","display_string":"g"},{"sound_id":"e","display_string":"e"},{"sound_id":"t","display_string":"t"}]},{"text":"back","word_sounds":[{"sound_id":"b","display_string":"b"},{"sound_id":"a","display_string":"a"},{"sound_id":"ck","display_string":"ck"}]},{"text":"is","word_sounds":[{"sound_id":"i","display_string":"i"},{"sound_id":"s","display_string":"s"}]},{"text":"it","word_sounds":[{"sound_id":"i","display_string":"i"},{"sound_id":"t","display_string":"t"}]},{"text":"dad\u0027s","word_sounds":[{"sound_id":"d","display_string":"d"},{"sound_id":"a","display_string":"a"},{"sound_id":"d","display_string":"d"},{"sound_id":"s","display_string":"s"}]},{"text":"hut","word_sounds":[{"sound_id":"h","display_string":"h"},{"sound_id":"u","display_string":"u"},{"sound_id":"t","display_string":"t"}]},{"text":"hen","word_sounds":[{"sound_id":"h","display_string":"h"},{"sound_id":"e","display_string":"e"},{"sound_id":"n","display_string":"n"}]},{"text":"can","word_sounds":[{"sound_id":"ck","display_string":"c"},{"sound_id":"a","display_string":"a"},{"sound_id":"n","display_string":"n"}]},{"text":"help","word_sounds":[{"sound_id":"h","display_string":"h"},{"sound_id":"e","display_string":"e"},{"sound_id":"l","display_string":"l"},{"sound_id":"p","display_string":"p"}]},{"text":"nafisa","word_sounds":[{"sound_id":"n","display_string":"n"},{"sound_id":"a","display_string":"a"},{"sound_id":"f","display_string":"f"},{"sound_id":"i","display_string":"i"},{"sound_id":"s","display_string":"s"},{"sound_id":"a","display_string":"a"}]},{"text":"back","word_sounds":[{"sound_id":"b","display_string":"b"},{"sound_id":"a","display_string":"a"},{"sound_id":"ck","display_string":"ck"}]},{"text":"hen","word_sounds":[{"sound_id":"h","display_string":"h"},{"sound_id":"e","display_string":"e"},{"sound_id":"n","display_string":"n"}]},{"text":"hops","word_sounds":[{"sound_id":"h","display_string":"h"},{"sound_id":"o","display_string":"o"},{"sound_id":"p","display_string":"p"},{"sound_id":"s","display_string":"s"}]},{"text":"off","word_sounds":[{"sound_id":"o","display_string":"o"},{"sound_id":"f","display_string":"ff"}]},{"text":"and","word_sounds":[{"sound_id":"a","display_string":"a"},{"sound_id":"n","display_string":"n"},{"sound_id":"d","display_string":"d"}]},{"text":"rubs","word_sounds":[{"sound_id":"r","display_string":"r"},{"sound_id":"u","display_string":"u"},{"sound_id":"b","display_string":"b"},{"sound_id":"s","display_string":"s"}]},{"text":"nafisa\u0027s","word_sounds":[{"sound_id":"n","display_string":"n"},{"sound_id":"a","display_string":"a"},{"sound_id":"f","display_string":"f"},{"sound_id":"i","display_string":"i"},{"sound_id":"s","display_string":"s"},{"sound_id":"a","display_string":"a"},{"sound_id":"s","display_string":"s"}]},{"text":"leg","word_sounds":[{"sound_id":"l","display_string":"l"},{"sound_id":"e","display_string":"e"},{"sound_id":"g","display_string":"g"}]},{"text":"nafisa","word_sounds":[{"sound_id":"n","display_string":"n"},{"sound_id":"a","display_string":"a"},{"sound_id":"f","display_string":"f"},{"sound_id":"i","display_string":"i"},{"sound_id":"s","display_string":"s"},{"sound_id":"a","display_string":"a"}]},{"text":"and","word_sounds":[{"sound_id":"a","display_string":"a"},{"sound_id":"n","display_string":"n"},{"sound_id":"d","display_string":"d"}]},{"text":"hen","word_sounds":[{"sound_id":"h","display_string":"h"},{"sound_id":"e","display_string":"e"},{"sound_id":"n","display_string":"n"}]},{"text":"get","word_sounds":[{"sound_id":"g","display_string":"g"},{"sound_id":"e","display_string":"e"},{"sound_id":"t","display_string":"t"}]},{"text":"up","word_sounds":[{"sound_id":"u","display_string":"u"},{"sound_id":"p","display_string":"p"}]},{"text":"and","word_sounds":[{"sound_id":"a","display_string":"a"},{"sound_id":"n","display_string":"n"},{"sound_id":"d","display_string":"d"}]},{"text":"set","word_sounds":[{"sound_id":"s","display_string":"s"},{"sound_id":"e","display_string":"e"},{"sound_id":"t","display_string":"t"}]},{"text":"off","word_sounds":[{"sound_id":"o","display_string":"o"},{"sound_id":"f","display_string":"ff"}]},{"text":"hen","word_sounds":[{"sound_id":"h","display_string":"h"},{"sound_id":"e","display_string":"e"},{"sound_id":"n","display_string":"n"}]},{"text":"is","word_sounds":[{"sound_id":"i","display_string":"i"},{"sound_id":"s","display_string":"s"}]},{"text":"fast","word_sounds":[{"sound_id":"f","display_string":"f"},{"sound_id":"a","display_string":"a"},{"sound_id":"s","display_string":"s"},{"sound_id":"t","display_string":"t"}]},{"text":"nafisa","word_sounds":[{"sound_id":"n","display_string":"n"},{"sound_id":"a","display_string":"a"},{"sound_id":"f","display_string":"f"},{"sound_id":"i","display_string":"i"},{"sound_id":"s","display_string":"s"},{"sound_id":"a","display_string":"a"}]},{"text":"is","word_sounds":[{"sound_id":"i","display_string":"i"},{"sound_id":"s","display_string":"s"}]},{"text":"not","word_sounds":[{"sound_id":"n","display_string":"n"},{"sound_id":"o","display_string":"o"},{"sound_id":"t","display_string":"t"}]},{"text":"fast","word_sounds":[{"sound_id":"f","display_string":"f"},{"sound_id":"a","display_string":"a"},{"sound_id":"s","display_string":"s"},{"sound_id":"t","display_string":"t"}]},{"text":"nafisa","word_sounds":[{"sound_id":"n","display_string":"n"},{"sound_id":"a","display_string":"a"},{"sound_id":"f","display_string":"f"},{"sound_id":"i","display_string":"i"},{"sound_id":"s","display_string":"s"},{"sound_id":"a","display_string":"a"}]},{"text":"and","word_sounds":[{"sound_id":"a","display_string":"a"},{"sound_id":"n","display_string":"n"},{"sound_id":"d","display_string":"d"}]},{"text":"hen","word_sounds":[{"sound_id":"h","display_string":"h"},{"sound_id":"e","display_string":"e"},{"sound_id":"n","display_string":"n"}]},{"text":"skip","word_sounds":[{"sound_id":"s","display_string":"s"},{"sound_id":"ck","display_string":"k"},{"sound_id":"i","display_string":"i"},{"sound_id":"p","display_string":"p"}]},{"text":"a","word_sounds":[{"sound_id":"a","display_string":"a"}]},{"text":"hop","word_sounds":[{"sound_id":"h","display_string":"h"},{"sound_id":"o","display_string":"o"},{"sound_id":"p","display_string":"p"}]},{"text":"nafisa","word_sounds":[{"sound_id":"n","display_string":"n"},{"sound_id":"a","display_string":"a"},{"sound_id":"f","display_string":"f"},{"sound_id":"i","display_string":"i"},{"sound_id":"s","display_string":"s"},{"sound_id":"a","display_string":"a"}]},{"text":"sprints","word_sounds":[{"sound_id":"s","display_string":"s"},{"sound_id":"p","display_string":"p"},{"sound_id":"r","display_string":"r"},{"sound_id":"i","display_string":"i"},{"sound_id":"n","display_string":"n"},{"sound_id":"t","display_string":"t"},{"sound_id":"s","display_string":"s"}]},{"text":"and","word_sounds":[{"sound_id":"a","display_string":"a"},{"sound_id":"n","display_string":"n"},{"sound_id":"d","display_string":"d"}]},{"text":"hen","word_sounds":[{"sound_id":"h","display_string":"h"},{"sound_id":"e","display_string":"e"},{"sound_id":"n","display_string":"n"}]},{"text":"flaps","word_sounds":[{"sound_id":"f","display_string":"f"},{"sound_id":"l","display_string":"l"},{"sound_id":"a","display_string":"a"},{"sound_id":"p","display_string":"p"},{"sound_id":"s","display_string":"s"}]},{"text":"hen","word_sounds":[{"sound_id":"h","display_string":"h"},{"sound_id":"e","display_string":"e"},{"sound_id":"n","display_string":"n"}]},{"text":"flaps","word_sounds":[{"sound_id":"f","display_string":"f"},{"sound_id":"l","display_string":"l"},{"sound_id":"a","display_string":"a"},{"sound_id":"p","display_string":"p"},{"sound_id":"s","display_string":"s"}]},{"text":"up","word_sounds":[{"sound_id":"u","display_string":"u"},{"sound_id":"p","display_string":"p"}]},{"text":"on","word_sounds":[{"sound_id":"o","display_string":"o"},{"sound_id":"n","display_string":"n"}]},{"text":"top","word_sounds":[{"sound_id":"t","display_string":"t"},{"sound_id":"o","display_string":"o"},{"sound_id":"p","display_string":"p"}]},{"text":"of","word_sounds":[{"sound_id":"o","display_string":"o"},{"sound_id":"f","display_string":"f"}]},{"text":"a","word_sounds":[{"sound_id":"a","display_string":"a"}]},{"text":"flag","word_sounds":[{"sound_id":"f","display_string":"f"},{"sound_id":"l","display_string":"l"},{"sound_id":"a","display_string":"a"},{"sound_id":"g","display_string":"g"}]},{"text":"it","word_sounds":[{"sound_id":"i","display_string":"i"},{"sound_id":"t","display_string":"t"}]},{"text":"is","word_sounds":[{"sound_id":"i","display_string":"i"},{"sound_id":"s","display_string":"s"}]},{"text":"red","word_sounds":[{"sound_id":"r","display_string":"r"},{"sound_id":"e","display_string":"e"},{"sound_id":"d","display_string":"d"}]},{"text":"and","word_sounds":[{"sound_id":"a","display_string":"a"},{"sound_id":"n","display_string":"n"},{"sound_id":"d","display_string":"d"}]},{"text":"black","word_sounds":[{"sound_id":"b","display_string":"b"},{"sound_id":"l","display_string":"l"},{"sound_id":"a","display_string":"a"},{"sound_id":"ck","display_string":"ck"}]},{"text":"hen","word_sounds":[{"sound_id":"h","display_string":"h"},{"sound_id":"e","display_string":"e"},{"sound_id":"n","display_string":"n"}]},{"text":"spots","word_sounds":[{"sound_id":"s","display_string":"s"},{"sound_id":"p","display_string":"p"},{"sound_id":"o","display_string":"o"},{"sound_id":"t","display_string":"t"},{"sound_id":"s","display_string":"s"}]},{"text":"amina","word_sounds":[{"sound_id":"a","display_string":"a"},{"sound_id":"m","display_string":"m"},{"sound_id":"i","display_string":"i"},{"sound_id":"n","display_string":"n"},{"sound_id":"a","display_string":"a"}]},{"text":"amina","word_sounds":[{"sound_id":"a","display_string":"a"},{"sound_id":"m","display_string":"m"},{"sound_id":"i","display_string":"i"},{"sound_id":"n","display_string":"n"},{"sound_id":"a","display_string":"a"}]},{"text":"gets","word_sounds":[{"sound_id":"g","display_string":"g"},{"sound_id":"e","display_string":"e"},{"sound_id":"t","display_string":"t"},{"sound_id":"s","display_string":"s"}]},{"text":"up","word_sounds":[{"sound_id":"u","display_string":"u"},{"sound_id":"p","display_string":"p"}]},{"text":"and","word_sounds":[{"sound_id":"a","display_string":"a"},{"sound_id":"n","display_string":"n"},{"sound_id":"d","display_string":"d"}]},{"text":"runs","word_sounds":[{"sound_id":"r","display_string":"r"},{"sound_id":"u","display_string":"u"},{"sound_id":"n","display_string":"n"},{"sound_id":"s","display_string":"s"}]},{"text":"can","word_sounds":[{"sound_id":"ck","display_string":"c"},{"sound_id":"a","display_string":"a"},{"sound_id":"n","display_string":"n"}]},{"text":"amina","word_sounds":[{"sound_id":"a","display_string":"a"},{"sound_id":"m","display_string":"m"},{"sound_id":"i","display_string":"i"},{"sound_id":"n","display_string":"n"},{"sound_id":"a","display_string":"a"}]},{"text":"help","word_sounds":[{"sound_id":"h","display_string":"h"},{"sound_id":"e","display_string":"e"},{"sound_id":"l","display_string":"l"},{"sound_id":"p","display_string":"p"}]},{"text":"nafisa","word_sounds":[{"sound_id":"n","display_string":"n"},{"sound_id":"a","display_string":"a"},{"sound_id":"f","display_string":"f"},{"sound_id":"i","display_string":"i"},{"sound_id":"s","display_string":"s"},{"sound_id":"a","display_string":"a"}]},{"text":"and","word_sounds":[{"sound_id":"a","display_string":"a"},{"sound_id":"n","display_string":"n"},{"sound_id":"d","display_string":"d"}]},{"text":"hen","word_sounds":[{"sound_id":"h","display_string":"h"},{"sound_id":"e","display_string":"e"},{"sound_id":"n","display_string":"n"}]},{"text":"get","word_sounds":[{"sound_id":"g","display_string":"g"},{"sound_id":"e","display_string":"e"},{"sound_id":"t","display_string":"t"}]},{"text":"back","word_sounds":[{"sound_id":"b","display_string":"b"},{"sound_id":"a","display_string":"a"},{"sound_id":"ck","display_string":"ck"}]},{"text":"hen","word_sounds":[{"sound_id":"h","display_string":"h"},{"sound_id":"e","display_string":"e"},{"sound_id":"n","display_string":"n"}]},{"text":"gets","word_sounds":[{"sound_id":"g","display_string":"g"},{"sound_id":"e","display_string":"e"},{"sound_id":"t","display_string":"t"},{"sound_id":"s","display_string":"s"}]},{"text":"amina","word_sounds":[{"sound_id":"a","display_string":"a"},{"sound_id":"m","display_string":"m"},{"sound_id":"i","display_string":"i"},{"sound_id":"n","display_string":"n"},{"sound_id":"a","display_string":"a"}]},{"text":"a","word_sounds":[{"sound_id":"a","display_string":"a"}]},{"text":"stick","word_sounds":[{"sound_id":"s","display_string":"s"},{"sound_id":"t","display_string":"t"},{"sound_id":"i","display_string":"i"},{"sound_id":"ck","display_string":"ck"}]},{"text":"amina","word_sounds":[{"sound_id":"a","display_string":"a"},{"sound_id":"m","display_string":"m"},{"sound_id":"i","display_string":"i"},{"sound_id":"n","display_string":"n"},{"sound_id":"a","display_string":"a"}]},{"text":"sits","word_sounds":[{"sound_id":"s","display_string":"s"},{"sound_id":"i","display_string":"i"},{"sound_id":"t","display_string":"t"},{"sound_id":"s","display_string":"s"}]},{"text":"and","word_sounds":[{"sound_id":"a","display_string":"a"},{"sound_id":"n","display_string":"n"},{"sound_id":"d","display_string":"d"}]},{"text":"drags","word_sounds":[{"sound_id":"d","display_string":"d"},{"sound_id":"r","display_string":"r"},{"sound_id":"a","display_string":"a"},{"sound_id":"g","display_string":"g"},{"sound_id":"s","display_string":"s"}]},{"text":"it","word_sounds":[{"sound_id":"i","display_string":"i"},{"sound_id":"t","display_string":"t"}]},{"text":"in","word_sounds":[{"sound_id":"i","display_string":"i"},{"sound_id":"n","display_string":"n"}]},{"text":"dust","word_sounds":[{"sound_id":"d","display_string":"d"},{"sound_id":"u","display_string":"u"},{"sound_id":"s","display_string":"s"},{"sound_id":"t","display_string":"t"}]},{"text":"it","word_sounds":[{"sound_id":"i","display_string":"i"},{"sound_id":"t","display_string":"t"}]},{"text":"is","word_sounds":[{"sound_id":"i","display_string":"i"},{"sound_id":"s","display_string":"s"}]},{"text":"a","word_sounds":[{"sound_id":"a","display_string":"a"}]},{"text":"map","word_sounds":[{"sound_id":"m","display_string":"m"},{"sound_id":"a","display_string":"a"},{"sound_id":"p","display_string":"p"}]},{"text":"nafisa","word_sounds":[{"sound_id":"n","display_string":"n"},{"sound_id":"a","display_string":"a"},{"sound_id":"f","display_string":"f"},{"sound_id":"i","display_string":"i"},{"sound_id":"s","display_string":"s"},{"sound_id":"a","display_string":"a"}]},{"text":"claps","word_sounds":[{"sound_id":"ck","display_string":"c"},{"sound_id":"l","display_string":"l"},{"sound_id":"a","display_string":"a"},{"sound_id":"p","display_string":"p"},{"sound_id":"s","display_string":"s"}]},{"text":"nafisa","word_sounds":[{"sound_id":"n","display_string":"n"},{"sound_id":"a","display_string":"a"},{"sound_id":"f","display_string":"f"},{"sound_id":"i","display_string":"i"},{"sound_id":"s","display_string":"s"},{"sound_id":"a","display_string":"a"}]},{"text":"can","word_sounds":[{"sound_id":"ck","display_string":"c"},{"sound_id":"a","display_string":"a"},{"sound_id":"n","display_string":"n"}]},{"text":"get","word_sounds":[{"sound_id":"g","display_string":"g"},{"sound_id":"e","display_string":"e"},{"sound_id":"t","display_string":"t"}]},{"text":"back","word_sounds":[{"sound_id":"b","display_string":"b"},{"sound_id":"a","display_string":"a"},{"sound_id":"ck","display_string":"ck"}]},{"text":"nafisa","word_sounds":[{"sound_id":"n","display_string":"n"},{"sound_id":"a","display_string":"a"},{"sound_id":"f","display_string":"f"},{"sound_id":"i","display_string":"i"},{"sound_id":"s","display_string":"s"},{"sound_id":"a","display_string":"a"}]},{"text":"and","word_sounds":[{"sound_id":"a","display_string":"a"},{"sound_id":"n","display_string":"n"},{"sound_id":"d","display_string":"d"}]},{"text":"amina","word_sounds":[{"sound_id":"a","display_string":"a"},{"sound_id":"m","display_string":"m"},{"sound_id":"i","display_string":"i"},{"sound_id":"n","display_string":"n"},{"sound_id":"a","display_string":"a"}]},{"text":"and","word_sounds":[{"sound_id":"a","display_string":"a"},{"sound_id":"n","display_string":"n"},{"sound_id":"d","display_string":"d"}]},{"text":"hen","word_sounds":[{"sound_id":"h","display_string":"h"},{"sound_id":"e","display_string":"e"},{"sound_id":"n","display_string":"n"}]},{"text":"skip","word_sounds":[{"sound_id":"s","display_string":"s"},{"sound_id":"ck","display_string":"k"},{"sound_id":"i","display_string":"i"},{"sound_id":"p","display_string":"p"}]},{"text":"back","word_sounds":[{"sound_id":"b","display_string":"b"},{"sound_id":"a","display_string":"a"},{"sound_id":"ck","display_string":"ck"}]},{"text":"on","word_sounds":[{"sound_id":"o","display_string":"o"},{"sound_id":"n","display_string":"n"}]},{"text":"track","word_sounds":[{"sound_id":"t","display_string":"t"},{"sound_id":"r","display_string":"r"},{"sound_id":"a","display_string":"a"},{"sound_id":"ck","display_string":"ck"}]},{"text":"it","word_sounds":[{"sound_id":"i","display_string":"i"},{"sound_id":"t","display_string":"t"}]},{"text":"is","word_sounds":[{"sound_id":"i","display_string":"i"},{"sound_id":"s","display_string":"s"}]},{"text":"dad\u0027s","word_sounds":[{"sound_id":"d","display_string":"d"},{"sound_id":"a","display_string":"a"},{"sound_id":"d","display_string":"d"},{"sound_id":"s","display_string":"s"}]},{"text":"hut","word_sounds":[{"sound_id":"h","display_string":"h"},{"sound_id":"u","display_string":"u"},{"sound_id":"t","display_string":"t"}]},{"text":"dad","word_sounds":[{"sound_id":"d","display_string":"d"},{"sound_id":"a","display_string":"a"},{"sound_id":"d","display_string":"d"}]},{"text":"is","word_sounds":[{"sound_id":"i","display_string":"i"},{"sound_id":"s","display_string":"s"}]},{"text":"glad","word_sounds":[{"sound_id":"g","display_string":"g"},{"sound_id":"l","display_string":"l"},{"sound_id":"a","display_string":"a"},{"sound_id":"d","display_string":"d"}]},{"text":"and","word_sounds":[{"sound_id":"a","display_string":"a"},{"sound_id":"n","display_string":"n"},{"sound_id":"d","display_string":"d"}]},{"text":"hugs","word_sounds":[{"sound_id":"h","display_string":"h"},{"sound_id":"u","display_string":"u"},{"sound_id":"g","display_string":"g"},{"sound_id":"s","display_string":"s"}]},{"text":"nafisa","word_sounds":[{"sound_id":"n","display_string":"n"},{"sound_id":"a","display_string":"a"},{"sound_id":"f","display_string":"f"},{"sound_id":"i","display_string":"i"},{"sound_id":"s","display_string":"s"},{"sound_id":"a","display_string":"a"}]},{"text":"nafisa","word_sounds":[{"sound_id":"n","display_string":"n"},{"sound_id":"a","display_string":"a"},{"sound_id":"f","display_string":"f"},{"sound_id":"i","display_string":"i"},{"sound_id":"s","display_string":"s"},{"sound_id":"a","display_string":"a"}]},{"text":"is","word_sounds":[{"sound_id":"i","display_string":"i"},{"sound_id":"s","display_string":"s"}]},{"text":"not","word_sounds":[{"sound_id":"n","display_string":"n"},{"sound_id":"o","display_string":"o"},{"sound_id":"t","display_string":"t"}]},{"text":"lost","word_sounds":[{"sound_id":"l","display_string":"l"},{"sound_id":"o","display_string":"o"},{"sound_id":"s","display_string":"s"},{"sound_id":"t","display_string":"t"}]},{"text":"nafisa","word_sounds":[{"sound_id":"n","display_string":"n"},{"sound_id":"a","display_string":"a"},{"sound_id":"f","display_string":"f"},{"sound_id":"i","display_string":"i"},{"sound_id":"s","display_string":"s"},{"sound_id":"a","display_string":"a"}]},{"text":"and","word_sounds":[{"sound_id":"a","display_string":"a"},{"sound_id":"n","display_string":"n"},{"sound_id":"d","display_string":"d"}]},{"text":"amina","word_sounds":[{"sound_id":"a","display_string":"a"},{"sound_id":"m","display_string":"m"},{"sound_id":"i","display_string":"i"},{"sound_id":"n","display_string":"n"},{"sound_id":"a","display_string":"a"}]},{"text":"hug","word_sounds":[{"sound_id":"h","display_string":"h"},{"sound_id":"u","display_string":"u"},{"sound_id":"g","display_string":"g"}]},{"text":"nafisa","word_sounds":[{"sound_id":"n","display_string":"n"},{"sound_id":"a","display_string":"a"},{"sound_id":"f","display_string":"f"},{"sound_id":"i","display_string":"i"},{"sound_id":"s","display_string":"s"},{"sound_id":"a","display_string":"a"}]},{"text":"is","word_sounds":[{"sound_id":"i","display_string":"i"},{"sound_id":"s","display_string":"s"}]},{"text":"glad","word_sounds":[{"sound_id":"g","display_string":"g"},{"sound_id":"l","display_string":"l"},{"sound_id":"a","display_string":"a"},{"sound_id":"d","display_string":"d"}]},{"text":"amina","word_sounds":[{"sound_id":"a","display_string":"a"},{"sound_id":"m","display_string":"m"},{"sound_id":"i","display_string":"i"},{"sound_id":"n","display_string":"n"},{"sound_id":"a","display_string":"a"}]},{"text":"is","word_sounds":[{"sound_id":"i","display_string":"i"},{"sound_id":"s","display_string":"s"}]},{"text":"glad","word_sounds":[{"sound_id":"g","display_string":"g"},{"sound_id":"l","display_string":"l"},{"sound_id":"a","display_string":"a"},{"sound_id":"d","display_string":"d"}]},{"text":"hen","word_sounds":[{"sound_id":"h","display_string":"h"},{"sound_id":"e","display_string":"e"},{"sound_id":"n","display_string":"n"}]},{"text":"is","word_sounds":[{"sound_id":"i","display_string":"i"},{"sound_id":"s","display_string":"s"}]},{"text":"glad","word_sounds":[{"sound_id":"g","display_string":"g"},{"sound_id":"l","display_string":"l"},{"sound_id":"a","display_string":"a"},{"sound_id":"d","display_string":"d"}]}],"level":{"id":2,"name":"Hen and Friends - Level One","sort_order":1,"cover_image_url":"https://decodable-books.s3.eu-west-2.amazonaws.com/book_images/level_hen_and_friends_-_level_one_cover"},"series":{"id":1,"name":"Reach for the Stars"},"version":{"id":0,"number":7}}